Name,Age,Gender,houseNumber,"hairColor
",Occupation,salivaryCortisol,urineDopamine
Pernille Carlsen,21,Female,27,Ginger,Unemployed,0.239,18.7
Audrey Sato,22,Female,55,Black,Waiter,0.191,20.9
Mitsuki Morris,21,Female,67,Black,Unemployed,0.132,20.7
Karena Bager,24,Female,76,Black,Florist,0.082,21.8
Christian Solberg,21,Male,79,Black,Unemployed,0.143,21
Mizuki Kimura,21,Female,110,Brown,Unemployed,0.05,18.6
Armand Perrot,22,Male,110,Brown,University Student,0.17,21.9
Claudette Sato,20,Female,117,Brown,Potato Farmer,0.151,23.1
William Burke,20,Male,138,Black,Unemployed,0.133,20.2
Abby Suzuki,20,Female,146,Ginger,Unemployed,0.221,17
Signe Pallesen,20,Female,161,Black,Baker,0.178,16.9
Maiko Collins,20,Female,180,Brown,Unemployed,0.186,23.1
Lea Sato,20,Female,185,Brown,Hairdresser,0.16,20.9
Killian Connolly,20,Male,186,Black,Unemployed,0.21,20.1
Francois Page,22,Male,206,Black,Fisherman,0.193,22.8
Raphael Eklund,22,Male,209,Bald,Pig Farmer,0.21,21.3
Coralie Rose,20,Female,214,Ginger,Unemployed,0.141,17.9
Phoebe Simon,20,Female,218,Brown,Unemployed,0.166,17.6
Laurie Jackson,20,Female,227,Black,Running Club,0.158,21
Eleanor Hardy,20,Female,246,Brown,Diary Farmer,0.121,18.7
Odile Blomgren,20,Female,251,Blonde,Midwife,0.134,17.8
Mary Michel,21,Female,295,Blonde,Unemployed,0.253,17.8
Henrik Olsen,21,Male,300,Black,Lumberjack,0.233,20.2
Davignon Perrot,20,Male,303,Blonde,Fisherman,0.156,19
Alexia Sato,20,Female,303,Black,Unemployed,0.087,19.8